# docx-comments-breaks: 2721 rows, ids 1e8c2cc50e78cb4f; rows not listed are exact
body | [PB]Heading¶next (story start) | ed over Heading | delete 44 text | cap<setup+edit	exact+unstable
body | [PB]Heading¶next (story start) | ed over Heading | delete 44 text | edit<cap<tail	timing+unstable
body | [PB]Heading¶next (story start) | ed over Heading | delete 44 text | setup<cap<edit	timing+unstable
body | [PB]Heading¶next (story start) | ed over Heading | retype 44 text as X | cap<setup+edit	exact+unstable
body | [PB]Heading¶next (story start) | ed over Heading | retype 44 text as X | edit<cap<tail	timing+unstable
body | [PB]Heading¶next (story start) | ed over Heading | retype 44 text as X | setup<cap<edit	timing+unstable
body | [PB]Heading¶next (story start) | two ed: [PB] and [PB]Heading | delete 44 text | cap<setup+edit	exact+unstable
body | [PB]Heading¶next (story start) | two ed: [PB] and [PB]Heading | delete 44 text | edit<cap<tail	timing+unstable
body | [PB]Heading¶next (story start) | two ed: [PB] and [PB]Heading | delete 44 text | setup<cap<edit	exact+unstable
body | [PB]Heading¶next (story start) | two ed: [PB] and [PB]Heading | retype 44 text as X | cap<setup+edit	exact+unstable
body | [PB]Heading¶next (story start) | two ed: [PB] and [PB]Heading | retype 44 text as X | edit<cap<tail	timing+unstable
body | [PB]Heading¶next (story start) | two ed: [PB] and [PB]Heading | retype 44 text as X | setup<cap<edit	exact+unstable
body | prev[CB]¶Heading | add C over ev | B on pr before | setup<cap<edit	silent
body | prev[CB]¶Heading | add C over prev | B on pr before | setup<cap<edit	silent
body | prev[CB]¶[PB]Heading | add C over ev | B on pr before | setup<cap<edit	silent
body | prev[CB]¶[PB]Heading | add C over prev | B on pr before | setup<cap<edit	silent
body | prev[CB]¶[PB]Heading | add C | setup<cap<edit	silent
body | prev[CB]¶[PB]Heading | remove B + add C + type Q | setup<cap<edit	timing
body | prev[PB]¶Heading | add C over ev | B on pr before | setup<cap<edit	silent
body | prev[PB]¶Heading | add C over prev | B on pr before | setup<cap<edit	silent
body | prev[PB]¶[CB]Heading | add C | setup<cap<edit	silent
body | prev[PB]¶[CB]Heading | remove B + add C + type Q | setup<cap<edit	timing
body | prev[PB]¶¶next | add C over ev | B on pr before | setup<cap<edit	silent
body | prev[PB]¶¶next | add C over prev | B on pr before | setup<cap<edit	silent
body | prev¶[CB]Heading | ed over 1st break | Backspace after 1st break | cap<setup+edit	exact+unstable
body | prev¶[CB]Heading | ed over 1st break | Backspace after 1st break | edit<cap<tail	timing+unstable
body | prev¶[CB]Heading | ed over 1st break | Backspace after 1st break | setup<cap<edit	exact+unstable
body | prev¶[CB]Heading | ed text start..+3 | delete 44 text | cap<setup+edit	exact+unstable
body | prev¶[CB]Heading | ed text start..+3 | delete 44 text | edit<cap<tail	timing+unstable
body | prev¶[CB]Heading | ed text start..+3 | delete 44 text | setup<cap<edit	timing+unstable
body | prev¶[CB]Heading | ed text start..+3 | type Q at 44 end | setup<cap<edit	timing
body | prev¶[CB]Heading | two ed ..text start | Backspace after 1st break | cap<setup+edit	exact+unstable
body | prev¶[CB]Heading | two ed ..text start | Backspace after 1st break | edit<cap<tail	timing+unstable
body | prev¶[CB]Heading | two ed ..text start | Backspace after 1st break | setup<cap<edit	timing+unstable
body | prev¶[CB]Heading | two ed ..text start | delete 44 text | cap<setup+edit	exact+unstable
body | prev¶[CB]Heading | two ed ..text start | delete 44 text | edit<cap<tail	timing+unstable
body | prev¶[CB]Heading | two ed ..text start | delete 44 text | setup<cap<edit	timing+unstable
body | prev¶[CB]Heading | two ed ..text start | none | setup<cap	timing+unstable
body | prev¶[CB]Heading | two ed ..text start | type Q at 44 end | cap<setup+edit	exact+unstable
body | prev¶[CB]Heading | two ed ..text start | type Q at 44 end | edit<cap<tail	timing+unstable
body | prev¶[CB]Heading | two ed ..text start | type Q at 44 end | setup<cap<edit	timing+unstable
body | prev¶[CB]Heading | two ed ending at 44@0 | Backspace after 1st break | cap<setup+edit	exact+unstable
body | prev¶[CB]Heading | two ed ending at 44@0 | Backspace after 1st break | edit<cap<tail	timing+unstable
body | prev¶[CB]Heading | two ed ending at 44@0 | Backspace after 1st break | setup<cap<edit	timing+unstable
body | prev¶[CB]¶next | ed over 1st break | Backspace after 1st break | cap<setup+edit	exact+unstable
body | prev¶[CB]¶next | ed over 1st break | Backspace after 1st break | edit<cap<tail	timing+unstable
body | prev¶[CB]¶next | ed over 1st break | Backspace after 1st break | setup<cap<edit	exact+unstable
body | prev¶[CB]¶next | ed over 1st break | type Q at 44 end | cap<setup+edit	exact+unstable
body | prev¶[CB]¶next | ed over 1st break | type Q at 44 end | edit<cap<tail	timing+unstable
body | prev¶[CB]¶next | ed over 1st break | type Q at 44 end | setup<cap<edit	refused+unstable
body | prev¶[CB]¶next | ed prev..44@0 + reply | type Q at 44 end | setup<cap<edit	refused
body | prev¶[CB]¶next | ed prev..44@0 | type Q at 44 end | setup<cap<edit	refused
body | prev¶[CB]¶next | ed prev..44@1 | type Q at 44 end | setup<cap<edit	refused
body | prev¶[CB]¶next | ed prev@0..text start | type Q at 44 end | setup<cap<edit	refused
body | prev¶[CB]¶next | two ed ..text start | Backspace after 1st break | cap<setup+edit	exact+unstable
body | prev¶[CB]¶next | two ed ..text start | Backspace after 1st break | edit<cap<tail	timing+unstable
body | prev¶[CB]¶next | two ed ..text start | Backspace after 1st break | setup<cap<edit	timing+unstable
body | prev¶[CB]¶next | two ed ..text start | none | setup<cap	timing+unstable
body | prev¶[CB]¶next | two ed ..text start | type Q at 44 end | cap<setup+edit	exact+unstable
body | prev¶[CB]¶next | two ed ..text start | type Q at 44 end | edit<cap<tail	timing+unstable
body | prev¶[CB]¶next | two ed ..text start | type Q at 44 end | setup<cap<edit	refused+unstable
body | prev¶[CB]¶next | two ed ending at 44@0 | Backspace after 1st break | cap<setup+edit	exact+unstable
body | prev¶[CB]¶next | two ed ending at 44@0 | Backspace after 1st break | edit<cap<tail	timing+unstable
body | prev¶[CB]¶next | two ed ending at 44@0 | Backspace after 1st break | setup<cap<edit	timing+unstable
body | prev¶[CB]¶next | two ed ending at 44@0 | type Q at 44 end | cap<setup+edit	exact+unstable
body | prev¶[CB]¶next | two ed ending at 44@0 | type Q at 44 end | edit<cap<tail	timing+unstable
body | prev¶[CB]¶next | two ed ending at 44@0 | type Q at 44 end | setup<cap<edit	refused+unstable
body | prev¶[CB]¶next, A ends at 44@0 | add C + type Q | setup<cap<edit	refused
body | prev¶[CB]¶next, A ends at 44@0 | remove B + add C + type Q | setup<cap<edit	refused
body | prev¶[CB]¶next, A ends at 44@0 | remove B + type Q | setup<cap<edit	refused
body | prev¶[CB]¶next, A ends at 44@0 | type Q | setup<cap<edit	refused
body | prev¶[PB]Heading | ed over 1st break | Backspace after 1st break | cap<setup+edit	exact+unstable
body | prev¶[PB]Heading | ed over 1st break | Backspace after 1st break | edit<cap<tail	timing+unstable
body | prev¶[PB]Heading | ed over 1st break | Backspace after 1st break | setup<cap<edit	exact+unstable
body | prev¶[PB]Heading | ed over Heading | delete 44 text | cap<setup+edit	exact+unstable
body | prev¶[PB]Heading | ed over Heading | delete 44 text | edit<cap<tail	timing+unstable
body | prev¶[PB]Heading | ed over Heading | delete 44 text | setup<cap<edit	timing+unstable
body | prev¶[PB]Heading | ed over Heading | retype 44 text as X | cap<setup+edit	exact+unstable
body | prev¶[PB]Heading | ed over Heading | retype 44 text as X | edit<cap<tail	timing+unstable
body | prev¶[PB]Heading | ed over Heading | retype 44 text as X | setup<cap<edit	timing+unstable
body | prev¶[PB]Heading | ed text start..+3 | delete 44 text | cap<setup+edit	exact+unstable
body | prev¶[PB]Heading | ed text start..+3 | delete 44 text | edit<cap<tail	timing+unstable
body | prev¶[PB]Heading | ed text start..+3 | delete 44 text | setup<cap<edit	timing+unstable
body | prev¶[PB]Heading | ed text start..+3 | type Q at 44 end | setup<cap<edit	timing
body | prev¶[PB]Heading | two ed ..text start | Backspace after 1st break | cap<setup+edit	exact+unstable
body | prev¶[PB]Heading | two ed ..text start | Backspace after 1st break | edit<cap<tail	timing+unstable
body | prev¶[PB]Heading | two ed ..text start | Backspace after 1st break | setup<cap<edit	timing+unstable
body | prev¶[PB]Heading | two ed ..text start | delete 44 text | cap<setup+edit	exact+unstable
body | prev¶[PB]Heading | two ed ..text start | delete 44 text | edit<cap<tail	timing+unstable
body | prev¶[PB]Heading | two ed ..text start | delete 44 text | setup<cap<edit	timing+unstable
body | prev¶[PB]Heading | two ed ..text start | none | setup<cap	timing+unstable
body | prev¶[PB]Heading | two ed ..text start | type Q at 44 end | cap<setup+edit	exact+unstable
body | prev¶[PB]Heading | two ed ..text start | type Q at 44 end | edit<cap<tail	timing+unstable
body | prev¶[PB]Heading | two ed ..text start | type Q at 44 end | setup<cap<edit	timing+unstable
body | prev¶[PB]Heading | two ed ending at 44@0 | Backspace after 1st break | cap<setup+edit	exact+unstable
body | prev¶[PB]Heading | two ed ending at 44@0 | Backspace after 1st break | edit<cap<tail	timing+unstable
body | prev¶[PB]Heading | two ed ending at 44@0 | Backspace after 1st break | setup<cap<edit	timing+unstable
body | prev¶[PB]Heading | two ed: [PB] and [PB]Heading | delete 44 text | cap<setup+edit	exact+unstable
body | prev¶[PB]Heading | two ed: [PB] and [PB]Heading | delete 44 text | edit<cap<tail	timing+unstable
body | prev¶[PB]Heading | two ed: [PB] and [PB]Heading | delete 44 text | setup<cap<edit	exact+unstable
body | prev¶[PB]Heading | two ed: [PB] and [PB]Heading | retype 44 text as X | cap<setup+edit	exact+unstable
body | prev¶[PB]Heading | two ed: [PB] and [PB]Heading | retype 44 text as X | edit<cap<tail	timing+unstable
body | prev¶[PB]Heading | two ed: [PB] and [PB]Heading | retype 44 text as X | setup<cap<edit	exact+unstable
body | prev¶[PB][CB]Heading | ed over 1st break | Backspace after 1st break | cap<setup+edit	exact+unstable
body | prev¶[PB][CB]Heading | ed over 1st break | Backspace after 1st break | edit<cap<tail	timing+unstable
body | prev¶[PB][CB]Heading | ed over 1st break | Backspace after 1st break | setup<cap<edit	exact+unstable
body | prev¶[PB][CB]Heading | ed over Heading | delete 44 text | cap<setup+edit	exact+unstable
body | prev¶[PB][CB]Heading | ed over Heading | delete 44 text | edit<cap<tail	timing+unstable
body | prev¶[PB][CB]Heading | ed over Heading | delete 44 text | setup<cap<edit	timing+unstable
body | prev¶[PB][CB]Heading | ed over Heading | retype 44 text as X | cap<setup+edit	exact+unstable
body | prev¶[PB][CB]Heading | ed over Heading | retype 44 text as X | edit<cap<tail	timing+unstable
body | prev¶[PB][CB]Heading | ed over Heading | retype 44 text as X | setup<cap<edit	timing+unstable
body | prev¶[PB][CB]Heading | ed text start..+3 | Backspace after 1st break | setup<cap<edit	timing
body | prev¶[PB][CB]Heading | ed text start..+3 | delete 44 text | cap<setup+edit	exact+unstable
body | prev¶[PB][CB]Heading | ed text start..+3 | delete 44 text | edit<cap<tail	timing+unstable
body | prev¶[PB][CB]Heading | ed text start..+3 | delete 44 text | setup<cap<edit	timing+unstable
body | prev¶[PB][CB]Heading | ed text start..+3 | type Q at 44 end | setup<cap<edit	timing
body | prev¶[PB][CB]Heading | two ed ..text start | Backspace after 1st break | cap<setup+edit	exact+unstable
body | prev¶[PB][CB]Heading | two ed ..text start | Backspace after 1st break | edit<cap<tail	timing+unstable
body | prev¶[PB][CB]Heading | two ed ..text start | Backspace after 1st break | setup<cap<edit	timing+unstable
body | prev¶[PB][CB]Heading | two ed ..text start | delete 44 text | cap<setup+edit	exact+unstable
body | prev¶[PB][CB]Heading | two ed ..text start | delete 44 text | edit<cap<tail	timing+unstable
body | prev¶[PB][CB]Heading | two ed ..text start | delete 44 text | setup<cap<edit	timing+unstable
body | prev¶[PB][CB]Heading | two ed ..text start | none | setup<cap	timing+unstable
body | prev¶[PB][CB]Heading | two ed ..text start | type Q at 44 end | cap<setup+edit	exact+unstable
body | prev¶[PB][CB]Heading | two ed ..text start | type Q at 44 end | edit<cap<tail	timing+unstable
body | prev¶[PB][CB]Heading | two ed ..text start | type Q at 44 end | setup<cap<edit	timing+unstable
body | prev¶[PB][CB]Heading | two ed: [PB] and [PB]Heading | delete 44 text | cap<setup+edit	exact+unstable
body | prev¶[PB][CB]Heading | two ed: [PB] and [PB]Heading | delete 44 text | edit<cap<tail	timing+unstable
body | prev¶[PB][CB]Heading | two ed: [PB] and [PB]Heading | delete 44 text | setup<cap<edit	exact+unstable
body | prev¶[PB][CB]Heading | two ed: [PB] and [PB]Heading | retype 44 text as X | cap<setup+edit	exact+unstable
body | prev¶[PB][CB]Heading | two ed: [PB] and [PB]Heading | retype 44 text as X | edit<cap<tail	timing+unstable
body | prev¶[PB][CB]Heading | two ed: [PB] and [PB]Heading | retype 44 text as X | setup<cap<edit	exact+unstable
body | prev¶[PB][CB]¶next | ed over 1st break | Backspace after 1st break | cap<setup+edit	exact+unstable
body | prev¶[PB][CB]¶next | ed over 1st break | Backspace after 1st break | edit<cap<tail	timing+unstable
body | prev¶[PB][CB]¶next | ed over 1st break | Backspace after 1st break | setup<cap<edit	exact+unstable
body | prev¶[PB][CB]¶next | ed over 1st break | none | setup<cap	exact+render
body | prev¶[PB][CB]¶next | ed over 1st break | type Q at 44 end | cap<setup+edit	exact+unstable
body | prev¶[PB][CB]¶next | ed over 1st break | type Q at 44 end | edit<cap<tail	timing+unstable
body | prev¶[PB][CB]¶next | ed over 1st break | type Q at 44 end | setup<cap<edit	refused+unstable
body | prev¶[PB][CB]¶next | ed prev..44@0 + reply | none | setup<cap	exact+render
body | prev¶[PB][CB]¶next | ed prev..44@0 + reply | type Q at 44 end | setup<cap<edit	refused
body | prev¶[PB][CB]¶next | ed prev..44@0 | none | setup<cap	exact+render
body | prev¶[PB][CB]¶next | ed prev..44@0 | type Q at 44 end | setup<cap<edit	refused
body | prev¶[PB][CB]¶next | ed prev..44@1 | none | setup<cap	exact+render
body | prev¶[PB][CB]¶next | ed prev..44@1 | type Q at 44 end | setup<cap<edit	refused
body | prev¶[PB][CB]¶next | ed prev@0..text start | none | setup<cap	exact+render
body | prev¶[PB][CB]¶next | ed prev@0..text start | type Q at 44 end | setup<cap<edit	refused
body | prev¶[PB][CB]¶next | two ed ..text start | Backspace after 1st break | cap<setup+edit	exact+unstable
body | prev¶[PB][CB]¶next | two ed ..text start | Backspace after 1st break | edit<cap<tail	timing+unstable
body | prev¶[PB][CB]¶next | two ed ..text start | Backspace after 1st break | setup<cap<edit	timing+unstable
body | prev¶[PB][CB]¶next | two ed ..text start | none | setup<cap	timing+unstable+render
body | prev¶[PB][CB]¶next | two ed ..text start | type Q at 44 end | cap<setup+edit	exact+unstable
body | prev¶[PB][CB]¶next | two ed ..text start | type Q at 44 end | edit<cap<tail	timing+unstable
body | prev¶[PB][CB]¶next | two ed ..text start | type Q at 44 end | setup<cap<edit	refused+unstable
body | prev¶[PB][CB]¶next | two ed ending at 44@0 | none | setup<cap	exact+render
body | prev¶[PB][CB]¶next | two ed ending at 44@0 | type Q at 44 end | cap<setup+edit	exact+unstable
body | prev¶[PB][CB]¶next | two ed ending at 44@0 | type Q at 44 end | edit<cap<tail	timing+unstable
body | prev¶[PB][CB]¶next | two ed ending at 44@0 | type Q at 44 end | setup<cap<edit	refused+unstable
body | prev¶[PB][CB]¶next, A ends at 44@0 | add C + type Q | setup<cap<edit	refused
body | prev¶[PB][CB]¶next, A ends at 44@0 | remove B + add C + type Q | setup<cap<edit	refused
body | prev¶[PB][CB]¶next, A ends at 44@0 | remove B + type Q | setup<cap<edit	refused
body | prev¶[PB][CB]¶next, A ends at 44@0 | type Q | setup<cap<edit	refused
body | prev¶del[PB]Heading | ed over 1st break | accept all | cap<setup+edit	exact+unstable
body | prev¶del[PB]Heading | ed over 1st break | accept all | edit<cap<tail	timing+unstable
body | prev¶del[PB]Heading | ed over 1st break | accept all | setup<cap<edit	exact+unstable
body | prev¶ins[PB]Heading | ed over 1st break | reject all | cap<setup+edit	exact+unstable
body | prev¶ins[PB]Heading | ed over 1st break | reject all | edit<cap<tail	timing+unstable
body | prev¶ins[PB]Heading | ed over 1st break | reject all | setup<cap<edit	exact+unstable
body | src <prev¶ ER[PB]Heading (Word shape) | ed over Heading | delete 44 text | cap<setup+edit	exact+unstable
body | src <prev¶ ER[PB]Heading (Word shape) | ed over Heading | delete 44 text | edit<cap<tail	timing+unstable
body | src <prev¶ ER[PB]Heading (Word shape) | ed over Heading | delete 44 text | setup<cap<edit	exact+unstable
body | src <prev¶ ER[PB]Heading (Word shape) | ed over Heading | remove ed comments | setup<cap<edit	timing
body | src <prev¶ ER[PB]Heading (Word shape) | ed prev..44@0 | Backspace after 1st break | cap<setup+edit	exact+unstable
body | src <prev¶ ER[PB]Heading (Word shape) | ed prev..44@0 | Backspace after 1st break | edit<cap<tail	timing+unstable
body | src <prev¶ ER[PB]Heading (Word shape) | ed prev..44@0 | Backspace after 1st break | setup<cap<edit	timing+unstable
body | src <prev¶ ER[PB]Heading (Word shape) | ed prev..44@0 | remove ed comments | setup<cap<edit	timing
body | src <prev¶ E[PB]Heading (no ref) | ed over Heading | delete 44 text | cap<setup+edit	exact+unstable
body | src <prev¶ E[PB]Heading (no ref) | ed over Heading | delete 44 text | edit<cap<tail	timing+unstable
body | src <prev¶ E[PB]Heading (no ref) | ed over Heading | delete 44 text | setup<cap<edit	exact+unstable
body | src <prev¶ E[PB]Heading (no ref) | ed prev..44@0 | Backspace after 1st break | cap<setup+edit	timing+unstable
body | src <prev¶ E[PB]Heading (no ref) | ed prev..44@0 | Backspace after 1st break | edit<cap<tail	timing+unstable
body | src <prev¶ E[PB]Heading (no ref) | ed prev..44@0 | Backspace after 1st break | setup<cap<edit	timing+unstable
body | src <prev¶ E[PB]R Heading | ed over Heading | delete 44 text | cap<setup+edit	exact+unstable
body | src <prev¶ E[PB]R Heading | ed over Heading | delete 44 text | edit<cap<tail	timing+unstable
body | src <prev¶ E[PB]R Heading | ed over Heading | delete 44 text | setup<cap<edit	exact+unstable
body | src <prev¶[PB]E Heading (no ref) | ed over Heading | delete 44 text | cap<setup+edit	exact+unstable
body | src <prev¶[PB]E Heading (no ref) | ed over Heading | delete 44 text | edit<cap<tail	timing+unstable
body | src <prev¶[PB]E Heading (no ref) | ed over Heading | delete 44 text | setup<cap<edit	exact+unstable
body | src <prev¶[PB]E Heading (no ref) | ed prev..44@0 | Backspace after 1st break | cap<setup+edit	timing+unstable
body | src <prev¶[PB]E Heading (no ref) | ed prev..44@0 | Backspace after 1st break | edit<cap<tail	timing+unstable
body | src <prev¶[PB]E Heading (no ref) | ed prev..44@0 | Backspace after 1st break | setup<cap<edit	timing+unstable
body | src <prev¶[PB]E Heading (no ref) | ed prev..44@0 | delete 44 text | cap<setup+edit	exact+unstable
body | src <prev¶[PB]E Heading (no ref) | ed prev..44@0 | delete 44 text | edit<cap<tail	timing+unstable
body | src <prev¶[PB]E Heading (no ref) | ed prev..44@0 | delete 44 text | setup<cap<edit	timing+unstable
body | src <prev¶[PB]E Heading (no ref) | ed prev..44@0 | none | setup<cap	timing+unstable
body | src <prev¶[PB]E Heading (no ref) | ed prev..44@0 | type Q at 44 end | cap<setup+edit	exact+unstable
body | src <prev¶[PB]E Heading (no ref) | ed prev..44@0 | type Q at 44 end | edit<cap<tail	timing+unstable
body | src <prev¶[PB]E Heading (no ref) | ed prev..44@0 | type Q at 44 end | setup<cap<edit	timing+unstable
body | src comment over Heading, ref in next para | ed over Heading | delete 44 text | cap<setup+edit	timing+unstable
body | src comment over Heading, ref in next para | ed over Heading | delete 44 text | edit<cap<tail	timing+unstable
body | src comment over Heading, ref in next para | ed over Heading | delete 44 text | setup<cap<edit	timing+unstable
body | src comment over Heading, ref in next para | ed over Heading | type Q at 44 end | cap<setup+edit	timing
body | src comment over Heading, ref in next para | ed over Heading | type Q at 44 end | setup<cap<edit	timing
body | src comment over Heading, ref in next para | ed prev..44@0 | delete 44 text | cap<setup+edit	timing+unstable
body | src comment over Heading, ref in next para | ed prev..44@0 | delete 44 text | edit<cap<tail	timing+unstable
body | src comment over Heading, ref in next para | ed prev..44@0 | delete 44 text | setup<cap<edit	exact+unstable
body | src comment over Heading, ref in next para | ed prev..44@0 | remove ed comments | setup<cap<edit	timing
body | src comment over Heading, ref in next para | ed prev..44@0 | type Q at 44 end | cap<setup+edit	timing
body | src comment over Heading, ref in next para | none | delete 44 text | cap<edit	exact+unstable
body | src comment over Heading, ref in next para | none | delete 44 text | edit<cap<tail	timing+unstable
body | src comment over Heading, ref in next para | none | type Q at 44 end | cap<edit	timing+unstable
body | src comment over Heading, ref in next para | none | type Q at 44 end | edit<cap<tail	timing+unstable
body | src comment over Heading, ref in next para | reply to src 1 | delete 44 text | cap<setup+edit	exact+unstable
body | src comment over Heading, ref in next para | reply to src 1 | delete 44 text | edit<cap<tail	timing+unstable
body | src comment over Heading, ref in next para | reply to src 1 | delete 44 text | setup<cap<edit	exact+unstable
body | src comment over Heading, ref in next para | reply to src 1 | type Q at 44 end | cap<setup+edit	timing+unstable
body | src comment over Heading, ref in next para | reply to src 1 | type Q at 44 end | edit<cap<tail	timing+unstable
body | src comment over Heading, ref in next para | reply to src 1 | type Q at 44 end | setup<cap<edit	timing+unstable
body | src comment over [PB]Heading | ed over Heading | Backspace after 1st break | cap<setup+edit	exact+unstable
body | src comment over [PB]Heading | ed over Heading | Backspace after 1st break | edit<cap<tail	timing+unstable
body | src comment over [PB]Heading | ed over Heading | Backspace after 1st break | setup<cap<edit	timing+unstable
body | src comment over [PB]Heading | ed over Heading | delete 44 text | cap<setup+edit	exact+unstable
body | src comment over [PB]Heading | ed over Heading | delete 44 text | edit<cap<tail	timing+unstable
body | src comment over [PB]Heading | ed over Heading | delete 44 text | setup<cap<edit	exact+unstable
body | src comment over [PB]Heading | ed over Heading | none | setup<cap	timing+unstable
body | src comment over [PB]Heading | ed over Heading | type Q at 44 end | cap<setup+edit	exact+unstable
body | src comment over [PB]Heading | ed over Heading | type Q at 44 end | edit<cap<tail	timing+unstable
body | src comment over [PB]Heading | ed over Heading | type Q at 44 end | setup<cap<edit	timing+unstable
body | src comment over [PB]Heading | ed prev..44@0 | Backspace after 1st break | setup<cap<edit	timing
body | src comment over [PB]Heading | ed prev..44@0 | delete 44 text | cap<setup+edit	exact+unstable
body | src comment over [PB]Heading | ed prev..44@0 | delete 44 text | edit<cap<tail	timing+unstable
body | src comment over [PB]Heading | ed prev..44@0 | delete 44 text | setup<cap<edit	exact+unstable
cell | [PB]Heading¶next (story start) | ed over Heading | delete 44 text | cap<setup+edit	exact+unstable
cell | [PB]Heading¶next (story start) | ed over Heading | delete 44 text | edit<cap<tail	timing+unstable
cell | [PB]Heading¶next (story start) | ed over Heading | delete 44 text | setup<cap<edit	timing+unstable
cell | [PB]Heading¶next (story start) | ed over Heading | retype 44 text as X | cap<setup+edit	exact+unstable
cell | [PB]Heading¶next (story start) | ed over Heading | retype 44 text as X | edit<cap<tail	timing+unstable
cell | [PB]Heading¶next (story start) | ed over Heading | retype 44 text as X | setup<cap<edit	timing+unstable
cell | [PB]Heading¶next (story start) | two ed: [PB] and [PB]Heading | delete 44 text | cap<setup+edit	exact+unstable
cell | [PB]Heading¶next (story start) | two ed: [PB] and [PB]Heading | delete 44 text | edit<cap<tail	timing+unstable
cell | [PB]Heading¶next (story start) | two ed: [PB] and [PB]Heading | delete 44 text | setup<cap<edit	exact+unstable
cell | [PB]Heading¶next (story start) | two ed: [PB] and [PB]Heading | retype 44 text as X | cap<setup+edit	exact+unstable
cell | [PB]Heading¶next (story start) | two ed: [PB] and [PB]Heading | retype 44 text as X | edit<cap<tail	timing+unstable
cell | [PB]Heading¶next (story start) | two ed: [PB] and [PB]Heading | retype 44 text as X | setup<cap<edit	exact+unstable
cell | prev[CB]¶Heading | add C over ev | B on pr before | setup<cap<edit	silent
cell | prev[CB]¶Heading | add C over prev | B on pr before | setup<cap<edit	silent
cell | prev[CB]¶[PB]Heading | add C over ev | B on pr before | setup<cap<edit	silent
cell | prev[CB]¶[PB]Heading | add C over prev | B on pr before | setup<cap<edit	silent
cell | prev[CB]¶[PB]Heading | add C | setup<cap<edit	silent
cell | prev[CB]¶[PB]Heading | remove B + add C + type Q | setup<cap<edit	timing
cell | prev[PB]¶Heading | add C over ev | B on pr before | setup<cap<edit	silent
cell | prev[PB]¶Heading | add C over prev | B on pr before | setup<cap<edit	silent
cell | prev[PB]¶[CB]Heading | add C | setup<cap<edit	silent
cell | prev[PB]¶[CB]Heading | remove B + add C + type Q | setup<cap<edit	timing
cell | prev[PB]¶¶next | add C over ev | B on pr before | setup<cap<edit	silent
cell | prev[PB]¶¶next | add C over prev | B on pr before | setup<cap<edit	silent
cell | prev¶[CB]Heading | ed over 1st break | Backspace after 1st break | cap<setup+edit	exact+unstable
cell | prev¶[CB]Heading | ed over 1st break | Backspace after 1st break | edit<cap<tail	timing+unstable
cell | prev¶[CB]Heading | ed over 1st break | Backspace after 1st break | setup<cap<edit	exact+unstable
cell | prev¶[CB]Heading | ed text start..+3 | delete 44 text | cap<setup+edit	exact+unstable
cell | prev¶[CB]Heading | ed text start..+3 | delete 44 text | edit<cap<tail	timing+unstable
cell | prev¶[CB]Heading | ed text start..+3 | delete 44 text | setup<cap<edit	timing+unstable
cell | prev¶[CB]Heading | ed text start..+3 | type Q at 44 end | setup<cap<edit	timing
cell | prev¶[CB]Heading | two ed ..text start | Backspace after 1st break | cap<setup+edit	exact+unstable
cell | prev¶[CB]Heading | two ed ..text start | Backspace after 1st break | edit<cap<tail	timing+unstable
cell | prev¶[CB]Heading | two ed ..text start | Backspace after 1st break | setup<cap<edit	timing+unstable
cell | prev¶[CB]Heading | two ed ..text start | delete 44 text | cap<setup+edit	exact+unstable
cell | prev¶[CB]Heading | two ed ..text start | delete 44 text | edit<cap<tail	timing+unstable
cell | prev¶[CB]Heading | two ed ..text start | delete 44 text | setup<cap<edit	timing+unstable
cell | prev¶[CB]Heading | two ed ..text start | none | setup<cap	timing+unstable
cell | prev¶[CB]Heading | two ed ..text start | type Q at 44 end | cap<setup+edit	exact+unstable
cell | prev¶[CB]Heading | two ed ..text start | type Q at 44 end | edit<cap<tail	timing+unstable
cell | prev¶[CB]Heading | two ed ..text start | type Q at 44 end | setup<cap<edit	timing+unstable
cell | prev¶[CB]Heading | two ed ending at 44@0 | Backspace after 1st break | cap<setup+edit	exact+unstable
cell | prev¶[CB]Heading | two ed ending at 44@0 | Backspace after 1st break | edit<cap<tail	timing+unstable
cell | prev¶[CB]Heading | two ed ending at 44@0 | Backspace after 1st break | setup<cap<edit	timing+unstable
cell | prev¶[CB]¶next | ed over 1st break | Backspace after 1st break | cap<setup+edit	exact+unstable
cell | prev¶[CB]¶next | ed over 1st break | Backspace after 1st break | edit<cap<tail	timing+unstable
cell | prev¶[CB]¶next | ed over 1st break | Backspace after 1st break | setup<cap<edit	exact+unstable
cell | prev¶[CB]¶next | ed over 1st break | type Q at 44 end | cap<setup+edit	exact+unstable
cell | prev¶[CB]¶next | ed over 1st break | type Q at 44 end | edit<cap<tail	timing+unstable
cell | prev¶[CB]¶next | ed over 1st break | type Q at 44 end | setup<cap<edit	refused+unstable
cell | prev¶[CB]¶next | ed prev..44@0 + reply | type Q at 44 end | setup<cap<edit	refused
cell | prev¶[CB]¶next | ed prev..44@0 | type Q at 44 end | setup<cap<edit	refused
cell | prev¶[CB]¶next | ed prev..44@1 | type Q at 44 end | setup<cap<edit	refused
cell | prev¶[CB]¶next | ed prev@0..text start | type Q at 44 end | setup<cap<edit	refused
cell | prev¶[CB]¶next | two ed ..text start | Backspace after 1st break | cap<setup+edit	exact+unstable
cell | prev¶[CB]¶next | two ed ..text start | Backspace after 1st break | edit<cap<tail	timing+unstable
cell | prev¶[CB]¶next | two ed ..text start | Backspace after 1st break | setup<cap<edit	timing+unstable
cell | prev¶[CB]¶next | two ed ..text start | none | setup<cap	timing+unstable
cell | prev¶[CB]¶next | two ed ..text start | type Q at 44 end | cap<setup+edit	exact+unstable
cell | prev¶[CB]¶next | two ed ..text start | type Q at 44 end | edit<cap<tail	timing+unstable
cell | prev¶[CB]¶next | two ed ..text start | type Q at 44 end | setup<cap<edit	refused+unstable
cell | prev¶[CB]¶next | two ed ending at 44@0 | Backspace after 1st break | cap<setup+edit	exact+unstable
cell | prev¶[CB]¶next | two ed ending at 44@0 | Backspace after 1st break | edit<cap<tail	timing+unstable
cell | prev¶[CB]¶next | two ed ending at 44@0 | Backspace after 1st break | setup<cap<edit	timing+unstable
cell | prev¶[CB]¶next | two ed ending at 44@0 | type Q at 44 end | cap<setup+edit	exact+unstable
cell | prev¶[CB]¶next | two ed ending at 44@0 | type Q at 44 end | edit<cap<tail	timing+unstable
cell | prev¶[CB]¶next | two ed ending at 44@0 | type Q at 44 end | setup<cap<edit	refused+unstable
cell | prev¶[CB]¶next, A ends at 44@0 | add C + type Q | setup<cap<edit	refused
cell | prev¶[CB]¶next, A ends at 44@0 | remove B + add C + type Q | setup<cap<edit	refused
cell | prev¶[CB]¶next, A ends at 44@0 | remove B + type Q | setup<cap<edit	refused
cell | prev¶[CB]¶next, A ends at 44@0 | type Q | setup<cap<edit	refused
cell | prev¶[PB]Heading | ed over 1st break | Backspace after 1st break | cap<setup+edit	exact+unstable
cell | prev¶[PB]Heading | ed over 1st break | Backspace after 1st break | edit<cap<tail	timing+unstable
cell | prev¶[PB]Heading | ed over 1st break | Backspace after 1st break | setup<cap<edit	exact+unstable
cell | prev¶[PB]Heading | ed over Heading | delete 44 text | cap<setup+edit	exact+unstable
cell | prev¶[PB]Heading | ed over Heading | delete 44 text | edit<cap<tail	timing+unstable
cell | prev¶[PB]Heading | ed over Heading | delete 44 text | setup<cap<edit	timing+unstable
cell | prev¶[PB]Heading | ed over Heading | retype 44 text as X | cap<setup+edit	exact+unstable
cell | prev¶[PB]Heading | ed over Heading | retype 44 text as X | edit<cap<tail	timing+unstable
cell | prev¶[PB]Heading | ed over Heading | retype 44 text as X | setup<cap<edit	timing+unstable
cell | prev¶[PB]Heading | ed text start..+3 | delete 44 text | cap<setup+edit	exact+unstable
cell | prev¶[PB]Heading | ed text start..+3 | delete 44 text | edit<cap<tail	timing+unstable
cell | prev¶[PB]Heading | ed text start..+3 | delete 44 text | setup<cap<edit	timing+unstable
cell | prev¶[PB]Heading | ed text start..+3 | type Q at 44 end | setup<cap<edit	timing
cell | prev¶[PB]Heading | two ed ..text start | Backspace after 1st break | cap<setup+edit	exact+unstable
cell | prev¶[PB]Heading | two ed ..text start | Backspace after 1st break | edit<cap<tail	timing+unstable
cell | prev¶[PB]Heading | two ed ..text start | Backspace after 1st break | setup<cap<edit	timing+unstable
cell | prev¶[PB]Heading | two ed ..text start | delete 44 text | cap<setup+edit	exact+unstable
cell | prev¶[PB]Heading | two ed ..text start | delete 44 text | edit<cap<tail	timing+unstable
cell | prev¶[PB]Heading | two ed ..text start | delete 44 text | setup<cap<edit	timing+unstable
cell | prev¶[PB]Heading | two ed ..text start | none | setup<cap	timing+unstable
cell | prev¶[PB]Heading | two ed ..text start | type Q at 44 end | cap<setup+edit	exact+unstable
cell | prev¶[PB]Heading | two ed ..text start | type Q at 44 end | edit<cap<tail	timing+unstable
cell | prev¶[PB]Heading | two ed ..text start | type Q at 44 end | setup<cap<edit	timing+unstable
cell | prev¶[PB]Heading | two ed ending at 44@0 | Backspace after 1st break | cap<setup+edit	exact+unstable
cell | prev¶[PB]Heading | two ed ending at 44@0 | Backspace after 1st break | edit<cap<tail	timing+unstable
cell | prev¶[PB]Heading | two ed ending at 44@0 | Backspace after 1st break | setup<cap<edit	timing+unstable
cell | prev¶[PB]Heading | two ed: [PB] and [PB]Heading | delete 44 text | cap<setup+edit	exact+unstable
cell | prev¶[PB]Heading | two ed: [PB] and [PB]Heading | delete 44 text | edit<cap<tail	timing+unstable
cell | prev¶[PB]Heading | two ed: [PB] and [PB]Heading | delete 44 text | setup<cap<edit	exact+unstable
cell | prev¶[PB]Heading | two ed: [PB] and [PB]Heading | retype 44 text as X | cap<setup+edit	exact+unstable
cell | prev¶[PB]Heading | two ed: [PB] and [PB]Heading | retype 44 text as X | edit<cap<tail	timing+unstable
cell | prev¶[PB]Heading | two ed: [PB] and [PB]Heading | retype 44 text as X | setup<cap<edit	exact+unstable
cell | prev¶[PB][CB]Heading | ed over 1st break | Backspace after 1st break | cap<setup+edit	exact+unstable
cell | prev¶[PB][CB]Heading | ed over 1st break | Backspace after 1st break | edit<cap<tail	timing+unstable
cell | prev¶[PB][CB]Heading | ed over 1st break | Backspace after 1st break | setup<cap<edit	exact+unstable
cell | prev¶[PB][CB]Heading | ed over Heading | delete 44 text | cap<setup+edit	exact+unstable
cell | prev¶[PB][CB]Heading | ed over Heading | delete 44 text | edit<cap<tail	timing+unstable
cell | prev¶[PB][CB]Heading | ed over Heading | delete 44 text | setup<cap<edit	timing+unstable
cell | prev¶[PB][CB]Heading | ed over Heading | retype 44 text as X | cap<setup+edit	exact+unstable
cell | prev¶[PB][CB]Heading | ed over Heading | retype 44 text as X | edit<cap<tail	timing+unstable
cell | prev¶[PB][CB]Heading | ed over Heading | retype 44 text as X | setup<cap<edit	timing+unstable
cell | prev¶[PB][CB]Heading | ed text start..+3 | Backspace after 1st break | setup<cap<edit	timing
cell | prev¶[PB][CB]Heading | ed text start..+3 | delete 44 text | cap<setup+edit	exact+unstable
cell | prev¶[PB][CB]Heading | ed text start..+3 | delete 44 text | edit<cap<tail	timing+unstable
cell | prev¶[PB][CB]Heading | ed text start..+3 | delete 44 text | setup<cap<edit	timing+unstable
cell | prev¶[PB][CB]Heading | ed text start..+3 | type Q at 44 end | setup<cap<edit	timing
cell | prev¶[PB][CB]Heading | two ed ..text start | Backspace after 1st break | cap<setup+edit	exact+unstable
cell | prev¶[PB][CB]Heading | two ed ..text start | Backspace after 1st break | edit<cap<tail	timing+unstable
cell | prev¶[PB][CB]Heading | two ed ..text start | Backspace after 1st break | setup<cap<edit	timing+unstable
cell | prev¶[PB][CB]Heading | two ed ..text start | delete 44 text | cap<setup+edit	exact+unstable
cell | prev¶[PB][CB]Heading | two ed ..text start | delete 44 text | edit<cap<tail	timing+unstable
cell | prev¶[PB][CB]Heading | two ed ..text start | delete 44 text | setup<cap<edit	timing+unstable
cell | prev¶[PB][CB]Heading | two ed ..text start | none | setup<cap	timing+unstable
cell | prev¶[PB][CB]Heading | two ed ..text start | type Q at 44 end | cap<setup+edit	exact+unstable
cell | prev¶[PB][CB]Heading | two ed ..text start | type Q at 44 end | edit<cap<tail	timing+unstable
cell | prev¶[PB][CB]Heading | two ed ..text start | type Q at 44 end | setup<cap<edit	timing+unstable
cell | prev¶[PB][CB]Heading | two ed: [PB] and [PB]Heading | delete 44 text | cap<setup+edit	exact+unstable
cell | prev¶[PB][CB]Heading | two ed: [PB] and [PB]Heading | delete 44 text | edit<cap<tail	timing+unstable
cell | prev¶[PB][CB]Heading | two ed: [PB] and [PB]Heading | delete 44 text | setup<cap<edit	exact+unstable
cell | prev¶[PB][CB]Heading | two ed: [PB] and [PB]Heading | retype 44 text as X | cap<setup+edit	exact+unstable
cell | prev¶[PB][CB]Heading | two ed: [PB] and [PB]Heading | retype 44 text as X | edit<cap<tail	timing+unstable
cell | prev¶[PB][CB]Heading | two ed: [PB] and [PB]Heading | retype 44 text as X | setup<cap<edit	exact+unstable
cell | prev¶[PB][CB]¶next | ed over 1st break | Backspace after 1st break | cap<setup+edit	exact+unstable
cell | prev¶[PB][CB]¶next | ed over 1st break | Backspace after 1st break | edit<cap<tail	timing+unstable
cell | prev¶[PB][CB]¶next | ed over 1st break | Backspace after 1st break | setup<cap<edit	exact+unstable
cell | prev¶[PB][CB]¶next | ed over 1st break | none | setup<cap	exact+render
cell | prev¶[PB][CB]¶next | ed over 1st break | type Q at 44 end | cap<setup+edit	exact+unstable
cell | prev¶[PB][CB]¶next | ed over 1st break | type Q at 44 end | edit<cap<tail	timing+unstable
cell | prev¶[PB][CB]¶next | ed over 1st break | type Q at 44 end | setup<cap<edit	refused+unstable
cell | prev¶[PB][CB]¶next | ed prev..44@0 + reply | none | setup<cap	exact+render
cell | prev¶[PB][CB]¶next | ed prev..44@0 + reply | type Q at 44 end | setup<cap<edit	refused
cell | prev¶[PB][CB]¶next | ed prev..44@0 | none | setup<cap	exact+render
cell | prev¶[PB][CB]¶next | ed prev..44@0 | type Q at 44 end | setup<cap<edit	refused
cell | prev¶[PB][CB]¶next | ed prev..44@1 | none | setup<cap	exact+render
cell | prev¶[PB][CB]¶next | ed prev..44@1 | type Q at 44 end | setup<cap<edit	refused
cell | prev¶[PB][CB]¶next | ed prev@0..text start | none | setup<cap	exact+render
cell | prev¶[PB][CB]¶next | ed prev@0..text start | type Q at 44 end | setup<cap<edit	refused
cell | prev¶[PB][CB]¶next | two ed ..text start | Backspace after 1st break | cap<setup+edit	exact+unstable
cell | prev¶[PB][CB]¶next | two ed ..text start | Backspace after 1st break | edit<cap<tail	timing+unstable
cell | prev¶[PB][CB]¶next | two ed ..text start | Backspace after 1st break | setup<cap<edit	timing+unstable
cell | prev¶[PB][CB]¶next | two ed ..text start | none | setup<cap	timing+unstable+render
cell | prev¶[PB][CB]¶next | two ed ..text start | type Q at 44 end | cap<setup+edit	exact+unstable
cell | prev¶[PB][CB]¶next | two ed ..text start | type Q at 44 end | edit<cap<tail	timing+unstable
cell | prev¶[PB][CB]¶next | two ed ..text start | type Q at 44 end | setup<cap<edit	refused+unstable
cell | prev¶[PB][CB]¶next | two ed ending at 44@0 | none | setup<cap	exact+render
cell | prev¶[PB][CB]¶next | two ed ending at 44@0 | type Q at 44 end | cap<setup+edit	exact+unstable
cell | prev¶[PB][CB]¶next | two ed ending at 44@0 | type Q at 44 end | edit<cap<tail	timing+unstable
cell | prev¶[PB][CB]¶next | two ed ending at 44@0 | type Q at 44 end | setup<cap<edit	refused+unstable
cell | prev¶[PB][CB]¶next, A ends at 44@0 | add C + type Q | setup<cap<edit	refused
cell | prev¶[PB][CB]¶next, A ends at 44@0 | remove B + add C + type Q | setup<cap<edit	refused
cell | prev¶[PB][CB]¶next, A ends at 44@0 | remove B + type Q | setup<cap<edit	refused
cell | prev¶[PB][CB]¶next, A ends at 44@0 | type Q | setup<cap<edit	refused
cell | prev¶del[PB]Heading | ed over 1st break | accept all | cap<setup+edit	exact+unstable
cell | prev¶del[PB]Heading | ed over 1st break | accept all | edit<cap<tail	timing+unstable
cell | prev¶del[PB]Heading | ed over 1st break | accept all | setup<cap<edit	exact+unstable
cell | prev¶ins[PB]Heading | ed over 1st break | reject all | cap<setup+edit	exact+unstable
cell | prev¶ins[PB]Heading | ed over 1st break | reject all | edit<cap<tail	timing+unstable
cell | prev¶ins[PB]Heading | ed over 1st break | reject all | setup<cap<edit	exact+unstable
cell | src <prev¶ ER[PB]Heading (Word shape) | ed over Heading | delete 44 text | cap<setup+edit	exact+unstable
cell | src <prev¶ ER[PB]Heading (Word shape) | ed over Heading | delete 44 text | edit<cap<tail	timing+unstable
cell | src <prev¶ ER[PB]Heading (Word shape) | ed over Heading | delete 44 text | setup<cap<edit	exact+unstable
cell | src <prev¶ ER[PB]Heading (Word shape) | ed over Heading | remove ed comments | setup<cap<edit	timing
cell | src <prev¶ ER[PB]Heading (Word shape) | ed prev..44@0 | Backspace after 1st break | cap<setup+edit	exact+unstable
cell | src <prev¶ ER[PB]Heading (Word shape) | ed prev..44@0 | Backspace after 1st break | edit<cap<tail	timing+unstable
cell | src <prev¶ ER[PB]Heading (Word shape) | ed prev..44@0 | Backspace after 1st break | setup<cap<edit	timing+unstable
cell | src <prev¶ ER[PB]Heading (Word shape) | ed prev..44@0 | remove ed comments | setup<cap<edit	timing
cell | src <prev¶ E[PB]Heading (no ref) | ed over Heading | delete 44 text | cap<setup+edit	exact+unstable
cell | src <prev¶ E[PB]Heading (no ref) | ed over Heading | delete 44 text | edit<cap<tail	timing+unstable
cell | src <prev¶ E[PB]Heading (no ref) | ed over Heading | delete 44 text | setup<cap<edit	exact+unstable
cell | src <prev¶ E[PB]Heading (no ref) | ed prev..44@0 | Backspace after 1st break | cap<setup+edit	timing+unstable
cell | src <prev¶ E[PB]Heading (no ref) | ed prev..44@0 | Backspace after 1st break | edit<cap<tail	timing+unstable
cell | src <prev¶ E[PB]Heading (no ref) | ed prev..44@0 | Backspace after 1st break | setup<cap<edit	timing+unstable
cell | src <prev¶ E[PB]R Heading | ed over Heading | delete 44 text | cap<setup+edit	exact+unstable
cell | src <prev¶ E[PB]R Heading | ed over Heading | delete 44 text | edit<cap<tail	timing+unstable
cell | src <prev¶ E[PB]R Heading | ed over Heading | delete 44 text | setup<cap<edit	exact+unstable
cell | src <prev¶[PB]E Heading (no ref) | ed over Heading | delete 44 text | cap<setup+edit	exact+unstable
cell | src <prev¶[PB]E Heading (no ref) | ed over Heading | delete 44 text | edit<cap<tail	timing+unstable
cell | src <prev¶[PB]E Heading (no ref) | ed over Heading | delete 44 text | setup<cap<edit	exact+unstable
cell | src <prev¶[PB]E Heading (no ref) | ed prev..44@0 | Backspace after 1st break | cap<setup+edit	timing+unstable
cell | src <prev¶[PB]E Heading (no ref) | ed prev..44@0 | Backspace after 1st break | edit<cap<tail	timing+unstable
cell | src <prev¶[PB]E Heading (no ref) | ed prev..44@0 | Backspace after 1st break | setup<cap<edit	timing+unstable
cell | src <prev¶[PB]E Heading (no ref) | ed prev..44@0 | delete 44 text | cap<setup+edit	exact+unstable
cell | src <prev¶[PB]E Heading (no ref) | ed prev..44@0 | delete 44 text | edit<cap<tail	timing+unstable
cell | src <prev¶[PB]E Heading (no ref) | ed prev..44@0 | delete 44 text | setup<cap<edit	timing+unstable
cell | src <prev¶[PB]E Heading (no ref) | ed prev..44@0 | none | setup<cap	timing+unstable
cell | src <prev¶[PB]E Heading (no ref) | ed prev..44@0 | type Q at 44 end | cap<setup+edit	exact+unstable
cell | src <prev¶[PB]E Heading (no ref) | ed prev..44@0 | type Q at 44 end | edit<cap<tail	timing+unstable
cell | src <prev¶[PB]E Heading (no ref) | ed prev..44@0 | type Q at 44 end | setup<cap<edit	timing+unstable
cell | src comment over Heading, ref in next para | ed over Heading | delete 44 text | cap<setup+edit	timing+unstable
cell | src comment over Heading, ref in next para | ed over Heading | delete 44 text | edit<cap<tail	timing+unstable
cell | src comment over Heading, ref in next para | ed over Heading | delete 44 text | setup<cap<edit	timing+unstable
cell | src comment over Heading, ref in next para | ed over Heading | type Q at 44 end | cap<setup+edit	timing
cell | src comment over Heading, ref in next para | ed over Heading | type Q at 44 end | setup<cap<edit	timing
cell | src comment over Heading, ref in next para | ed prev..44@0 | delete 44 text | cap<setup+edit	timing+unstable
cell | src comment over Heading, ref in next para | ed prev..44@0 | delete 44 text | edit<cap<tail	timing+unstable
cell | src comment over Heading, ref in next para | ed prev..44@0 | delete 44 text | setup<cap<edit	exact+unstable
cell | src comment over Heading, ref in next para | ed prev..44@0 | remove ed comments | setup<cap<edit	timing
cell | src comment over Heading, ref in next para | ed prev..44@0 | type Q at 44 end | cap<setup+edit	timing
cell | src comment over Heading, ref in next para | none | delete 44 text | cap<edit	exact+unstable
cell | src comment over Heading, ref in next para | none | delete 44 text | edit<cap<tail	timing+unstable
cell | src comment over Heading, ref in next para | none | type Q at 44 end | cap<edit	timing+unstable
cell | src comment over Heading, ref in next para | none | type Q at 44 end | edit<cap<tail	timing+unstable
cell | src comment over Heading, ref in next para | reply to src 1 | delete 44 text | cap<setup+edit	exact+unstable
cell | src comment over Heading, ref in next para | reply to src 1 | delete 44 text | edit<cap<tail	timing+unstable
cell | src comment over Heading, ref in next para | reply to src 1 | delete 44 text | setup<cap<edit	exact+unstable
cell | src comment over Heading, ref in next para | reply to src 1 | type Q at 44 end | cap<setup+edit	timing+unstable
cell | src comment over Heading, ref in next para | reply to src 1 | type Q at 44 end | edit<cap<tail	timing+unstable
cell | src comment over Heading, ref in next para | reply to src 1 | type Q at 44 end | setup<cap<edit	timing+unstable
cell | src comment over [PB]Heading | ed over Heading | Backspace after 1st break | cap<setup+edit	exact+unstable
cell | src comment over [PB]Heading | ed over Heading | Backspace after 1st break | edit<cap<tail	timing+unstable
cell | src comment over [PB]Heading | ed over Heading | Backspace after 1st break | setup<cap<edit	timing+unstable
cell | src comment over [PB]Heading | ed over Heading | delete 44 text | cap<setup+edit	exact+unstable
cell | src comment over [PB]Heading | ed over Heading | delete 44 text | edit<cap<tail	timing+unstable
cell | src comment over [PB]Heading | ed over Heading | delete 44 text | setup<cap<edit	exact+unstable
cell | src comment over [PB]Heading | ed over Heading | none | setup<cap	timing+unstable
cell | src comment over [PB]Heading | ed over Heading | type Q at 44 end | cap<setup+edit	exact+unstable
cell | src comment over [PB]Heading | ed over Heading | type Q at 44 end | edit<cap<tail	timing+unstable
cell | src comment over [PB]Heading | ed over Heading | type Q at 44 end | setup<cap<edit	timing+unstable
cell | src comment over [PB]Heading | ed prev..44@0 | Backspace after 1st break | setup<cap<edit	timing
cell | src comment over [PB]Heading | ed prev..44@0 | delete 44 text | cap<setup+edit	exact+unstable
cell | src comment over [PB]Heading | ed prev..44@0 | delete 44 text | edit<cap<tail	timing+unstable
cell | src comment over [PB]Heading | ed prev..44@0 | delete 44 text | setup<cap<edit	exact+unstable
header | [PB]Heading¶next (story start) | ed over Heading | delete 44 text | cap<setup+edit	exact+unstable
header | [PB]Heading¶next (story start) | ed over Heading | delete 44 text | edit<cap<tail	timing+unstable
header | [PB]Heading¶next (story start) | ed over Heading | delete 44 text | setup<cap<edit	timing+unstable
header | [PB]Heading¶next (story start) | ed over Heading | retype 44 text as X | cap<setup+edit	exact+unstable
header | [PB]Heading¶next (story start) | ed over Heading | retype 44 text as X | edit<cap<tail	timing+unstable
header | [PB]Heading¶next (story start) | ed over Heading | retype 44 text as X | setup<cap<edit	timing+unstable
header | [PB]Heading¶next (story start) | two ed: [PB] and [PB]Heading | delete 44 text | cap<setup+edit	exact+unstable
header | [PB]Heading¶next (story start) | two ed: [PB] and [PB]Heading | delete 44 text | edit<cap<tail	timing+unstable
header | [PB]Heading¶next (story start) | two ed: [PB] and [PB]Heading | delete 44 text | setup<cap<edit	exact+unstable
header | [PB]Heading¶next (story start) | two ed: [PB] and [PB]Heading | retype 44 text as X | cap<setup+edit	exact+unstable
header | [PB]Heading¶next (story start) | two ed: [PB] and [PB]Heading | retype 44 text as X | edit<cap<tail	timing+unstable
header | [PB]Heading¶next (story start) | two ed: [PB] and [PB]Heading | retype 44 text as X | setup<cap<edit	exact+unstable
header | prev[CB]¶Heading | add C over ev | B on pr before | setup<cap<edit	silent
header | prev[CB]¶Heading | add C over prev | B on pr before | setup<cap<edit	silent
header | prev[CB]¶[PB]Heading | add C over ev | B on pr before | setup<cap<edit	silent
header | prev[CB]¶[PB]Heading | add C over prev | B on pr before | setup<cap<edit	silent
header | prev[CB]¶[PB]Heading | add C | setup<cap<edit	silent
header | prev[CB]¶[PB]Heading | remove B + add C + type Q | setup<cap<edit	timing
header | prev[PB]¶Heading | add C over ev | B on pr before | setup<cap<edit	silent
header | prev[PB]¶Heading | add C over prev | B on pr before | setup<cap<edit	silent
header | prev[PB]¶[CB]Heading | add C | setup<cap<edit	silent
header | prev[PB]¶[CB]Heading | remove B + add C + type Q | setup<cap<edit	timing
header | prev[PB]¶¶next | add C over ev | B on pr before | setup<cap<edit	silent
header | prev[PB]¶¶next | add C over prev | B on pr before | setup<cap<edit	silent
header | prev¶[CB]Heading | ed over 1st break | Backspace after 1st break | cap<setup+edit	exact+unstable
header | prev¶[CB]Heading | ed over 1st break | Backspace after 1st break | edit<cap<tail	timing+unstable
header | prev¶[CB]Heading | ed over 1st break | Backspace after 1st break | setup<cap<edit	exact+unstable
header | prev¶[CB]Heading | ed text start..+3 | delete 44 text | cap<setup+edit	exact+unstable
header | prev¶[CB]Heading | ed text start..+3 | delete 44 text | edit<cap<tail	timing+unstable
header | prev¶[CB]Heading | ed text start..+3 | delete 44 text | setup<cap<edit	timing+unstable
header | prev¶[CB]Heading | ed text start..+3 | type Q at 44 end | setup<cap<edit	timing
header | prev¶[CB]Heading | two ed ..text start | Backspace after 1st break | cap<setup+edit	exact+unstable
header | prev¶[CB]Heading | two ed ..text start | Backspace after 1st break | edit<cap<tail	timing+unstable
header | prev¶[CB]Heading | two ed ..text start | Backspace after 1st break | setup<cap<edit	timing+unstable
header | prev¶[CB]Heading | two ed ..text start | delete 44 text | cap<setup+edit	exact+unstable
header | prev¶[CB]Heading | two ed ..text start | delete 44 text | edit<cap<tail	timing+unstable
header | prev¶[CB]Heading | two ed ..text start | delete 44 text | setup<cap<edit	timing+unstable
header | prev¶[CB]Heading | two ed ..text start | none | setup<cap	timing+unstable
header | prev¶[CB]Heading | two ed ..text start | type Q at 44 end | cap<setup+edit	exact+unstable
header | prev¶[CB]Heading | two ed ..text start | type Q at 44 end | edit<cap<tail	timing+unstable
header | prev¶[CB]Heading | two ed ..text start | type Q at 44 end | setup<cap<edit	timing+unstable
header | prev¶[CB]Heading | two ed ending at 44@0 | Backspace after 1st break | cap<setup+edit	exact+unstable
header | prev¶[CB]Heading | two ed ending at 44@0 | Backspace after 1st break | edit<cap<tail	timing+unstable
header | prev¶[CB]Heading | two ed ending at 44@0 | Backspace after 1st break | setup<cap<edit	timing+unstable
header | prev¶[CB]¶next | ed over 1st break | Backspace after 1st break | cap<setup+edit	exact+unstable
header | prev¶[CB]¶next | ed over 1st break | Backspace after 1st break | edit<cap<tail	timing+unstable
header | prev¶[CB]¶next | ed over 1st break | Backspace after 1st break | setup<cap<edit	exact+unstable
header | prev¶[CB]¶next | ed over 1st break | type Q at 44 end | cap<setup+edit	exact+unstable
header | prev¶[CB]¶next | ed over 1st break | type Q at 44 end | edit<cap<tail	timing+unstable
header | prev¶[CB]¶next | ed over 1st break | type Q at 44 end | setup<cap<edit	refused+unstable
header | prev¶[CB]¶next | ed prev..44@0 + reply | type Q at 44 end | setup<cap<edit	refused
header | prev¶[CB]¶next | ed prev..44@0 | type Q at 44 end | setup<cap<edit	refused
header | prev¶[CB]¶next | ed prev..44@1 | type Q at 44 end | setup<cap<edit	refused
header | prev¶[CB]¶next | ed prev@0..text start | type Q at 44 end | setup<cap<edit	refused
header | prev¶[CB]¶next | two ed ..text start | Backspace after 1st break | cap<setup+edit	exact+unstable
header | prev¶[CB]¶next | two ed ..text start | Backspace after 1st break | edit<cap<tail	timing+unstable
header | prev¶[CB]¶next | two ed ..text start | Backspace after 1st break | setup<cap<edit	timing+unstable
header | prev¶[CB]¶next | two ed ..text start | none | setup<cap	timing+unstable
header | prev¶[CB]¶next | two ed ..text start | type Q at 44 end | cap<setup+edit	exact+unstable
header | prev¶[CB]¶next | two ed ..text start | type Q at 44 end | edit<cap<tail	timing+unstable
header | prev¶[CB]¶next | two ed ..text start | type Q at 44 end | setup<cap<edit	refused+unstable
header | prev¶[CB]¶next | two ed ending at 44@0 | Backspace after 1st break | cap<setup+edit	exact+unstable
header | prev¶[CB]¶next | two ed ending at 44@0 | Backspace after 1st break | edit<cap<tail	timing+unstable
header | prev¶[CB]¶next | two ed ending at 44@0 | Backspace after 1st break | setup<cap<edit	timing+unstable
header | prev¶[CB]¶next | two ed ending at 44@0 | type Q at 44 end | cap<setup+edit	exact+unstable
header | prev¶[CB]¶next | two ed ending at 44@0 | type Q at 44 end | edit<cap<tail	timing+unstable
header | prev¶[CB]¶next | two ed ending at 44@0 | type Q at 44 end | setup<cap<edit	refused+unstable
header | prev¶[CB]¶next, A ends at 44@0 | add C + type Q | setup<cap<edit	refused
header | prev¶[CB]¶next, A ends at 44@0 | remove B + add C + type Q | setup<cap<edit	refused
header | prev¶[CB]¶next, A ends at 44@0 | remove B + type Q | setup<cap<edit	refused
header | prev¶[CB]¶next, A ends at 44@0 | type Q | setup<cap<edit	refused
header | prev¶[PB]Heading | ed over 1st break | Backspace after 1st break | cap<setup+edit	exact+unstable
header | prev¶[PB]Heading | ed over 1st break | Backspace after 1st break | edit<cap<tail	timing+unstable
header | prev¶[PB]Heading | ed over 1st break | Backspace after 1st break | setup<cap<edit	exact+unstable
header | prev¶[PB]Heading | ed over Heading | delete 44 text | cap<setup+edit	exact+unstable
header | prev¶[PB]Heading | ed over Heading | delete 44 text | edit<cap<tail	timing+unstable
header | prev¶[PB]Heading | ed over Heading | delete 44 text | setup<cap<edit	timing+unstable
header | prev¶[PB]Heading | ed over Heading | retype 44 text as X | cap<setup+edit	exact+unstable
header | prev¶[PB]Heading | ed over Heading | retype 44 text as X | edit<cap<tail	timing+unstable
header | prev¶[PB]Heading | ed over Heading | retype 44 text as X | setup<cap<edit	timing+unstable
header | prev¶[PB]Heading | ed text start..+3 | delete 44 text | cap<setup+edit	exact+unstable
header | prev¶[PB]Heading | ed text start..+3 | delete 44 text | edit<cap<tail	timing+unstable
header | prev¶[PB]Heading | ed text start..+3 | delete 44 text | setup<cap<edit	timing+unstable
header | prev¶[PB]Heading | ed text start..+3 | type Q at 44 end | setup<cap<edit	timing
header | prev¶[PB]Heading | two ed ..text start | Backspace after 1st break | cap<setup+edit	exact+unstable
header | prev¶[PB]Heading | two ed ..text start | Backspace after 1st break | edit<cap<tail	timing+unstable
header | prev¶[PB]Heading | two ed ..text start | Backspace after 1st break | setup<cap<edit	timing+unstable
header | prev¶[PB]Heading | two ed ..text start | delete 44 text | cap<setup+edit	exact+unstable
header | prev¶[PB]Heading | two ed ..text start | delete 44 text | edit<cap<tail	timing+unstable
header | prev¶[PB]Heading | two ed ..text start | delete 44 text | setup<cap<edit	timing+unstable
header | prev¶[PB]Heading | two ed ..text start | none | setup<cap	timing+unstable
header | prev¶[PB]Heading | two ed ..text start | type Q at 44 end | cap<setup+edit	exact+unstable
header | prev¶[PB]Heading | two ed ..text start | type Q at 44 end | edit<cap<tail	timing+unstable
header | prev¶[PB]Heading | two ed ..text start | type Q at 44 end | setup<cap<edit	timing+unstable
header | prev¶[PB]Heading | two ed ending at 44@0 | Backspace after 1st break | cap<setup+edit	exact+unstable
header | prev¶[PB]Heading | two ed ending at 44@0 | Backspace after 1st break | edit<cap<tail	timing+unstable
header | prev¶[PB]Heading | two ed ending at 44@0 | Backspace after 1st break | setup<cap<edit	timing+unstable
header | prev¶[PB]Heading | two ed: [PB] and [PB]Heading | delete 44 text | cap<setup+edit	exact+unstable
header | prev¶[PB]Heading | two ed: [PB] and [PB]Heading | delete 44 text | edit<cap<tail	timing+unstable
header | prev¶[PB]Heading | two ed: [PB] and [PB]Heading | delete 44 text | setup<cap<edit	exact+unstable
header | prev¶[PB]Heading | two ed: [PB] and [PB]Heading | retype 44 text as X | cap<setup+edit	exact+unstable
header | prev¶[PB]Heading | two ed: [PB] and [PB]Heading | retype 44 text as X | edit<cap<tail	timing+unstable
header | prev¶[PB]Heading | two ed: [PB] and [PB]Heading | retype 44 text as X | setup<cap<edit	exact+unstable
header | prev¶[PB][CB]Heading | ed over 1st break | Backspace after 1st break | cap<setup+edit	exact+unstable
header | prev¶[PB][CB]Heading | ed over 1st break | Backspace after 1st break | edit<cap<tail	timing+unstable
header | prev¶[PB][CB]Heading | ed over 1st break | Backspace after 1st break | setup<cap<edit	exact+unstable
header | prev¶[PB][CB]Heading | ed over Heading | delete 44 text | cap<setup+edit	exact+unstable
header | prev¶[PB][CB]Heading | ed over Heading | delete 44 text | edit<cap<tail	timing+unstable
header | prev¶[PB][CB]Heading | ed over Heading | delete 44 text | setup<cap<edit	timing+unstable
header | prev¶[PB][CB]Heading | ed over Heading | retype 44 text as X | cap<setup+edit	exact+unstable
header | prev¶[PB][CB]Heading | ed over Heading | retype 44 text as X | edit<cap<tail	timing+unstable
header | prev¶[PB][CB]Heading | ed over Heading | retype 44 text as X | setup<cap<edit	timing+unstable
header | prev¶[PB][CB]Heading | ed text start..+3 | Backspace after 1st break | setup<cap<edit	timing
header | prev¶[PB][CB]Heading | ed text start..+3 | delete 44 text | cap<setup+edit	exact+unstable
header | prev¶[PB][CB]Heading | ed text start..+3 | delete 44 text | edit<cap<tail	timing+unstable
header | prev¶[PB][CB]Heading | ed text start..+3 | delete 44 text | setup<cap<edit	timing+unstable
header | prev¶[PB][CB]Heading | ed text start..+3 | type Q at 44 end | setup<cap<edit	timing
header | prev¶[PB][CB]Heading | two ed ..text start | Backspace after 1st break | cap<setup+edit	exact+unstable
header | prev¶[PB][CB]Heading | two ed ..text start | Backspace after 1st break | edit<cap<tail	timing+unstable
header | prev¶[PB][CB]Heading | two ed ..text start | Backspace after 1st break | setup<cap<edit	timing+unstable
header | prev¶[PB][CB]Heading | two ed ..text start | delete 44 text | cap<setup+edit	exact+unstable
header | prev¶[PB][CB]Heading | two ed ..text start | delete 44 text | edit<cap<tail	timing+unstable
header | prev¶[PB][CB]Heading | two ed ..text start | delete 44 text | setup<cap<edit	timing+unstable
header | prev¶[PB][CB]Heading | two ed ..text start | none | setup<cap	timing+unstable
header | prev¶[PB][CB]Heading | two ed ..text start | type Q at 44 end | cap<setup+edit	exact+unstable
header | prev¶[PB][CB]Heading | two ed ..text start | type Q at 44 end | edit<cap<tail	timing+unstable
header | prev¶[PB][CB]Heading | two ed ..text start | type Q at 44 end | setup<cap<edit	timing+unstable
header | prev¶[PB][CB]Heading | two ed: [PB] and [PB]Heading | delete 44 text | cap<setup+edit	exact+unstable
header | prev¶[PB][CB]Heading | two ed: [PB] and [PB]Heading | delete 44 text | edit<cap<tail	timing+unstable
header | prev¶[PB][CB]Heading | two ed: [PB] and [PB]Heading | delete 44 text | setup<cap<edit	exact+unstable
header | prev¶[PB][CB]Heading | two ed: [PB] and [PB]Heading | retype 44 text as X | cap<setup+edit	exact+unstable
header | prev¶[PB][CB]Heading | two ed: [PB] and [PB]Heading | retype 44 text as X | edit<cap<tail	timing+unstable
header | prev¶[PB][CB]Heading | two ed: [PB] and [PB]Heading | retype 44 text as X | setup<cap<edit	exact+unstable
header | prev¶[PB][CB]¶next | ed over 1st break | Backspace after 1st break | cap<setup+edit	exact+unstable
header | prev¶[PB][CB]¶next | ed over 1st break | Backspace after 1st break | edit<cap<tail	timing+unstable
header | prev¶[PB][CB]¶next | ed over 1st break | Backspace after 1st break | setup<cap<edit	exact+unstable
header | prev¶[PB][CB]¶next | ed over 1st break | none | setup<cap	exact+render
header | prev¶[PB][CB]¶next | ed over 1st break | type Q at 44 end | cap<setup+edit	exact+unstable
header | prev¶[PB][CB]¶next | ed over 1st break | type Q at 44 end | edit<cap<tail	timing+unstable
header | prev¶[PB][CB]¶next | ed over 1st break | type Q at 44 end | setup<cap<edit	refused+unstable
header | prev¶[PB][CB]¶next | ed prev..44@0 + reply | none | setup<cap	exact+render
header | prev¶[PB][CB]¶next | ed prev..44@0 + reply | type Q at 44 end | setup<cap<edit	refused
header | prev¶[PB][CB]¶next | ed prev..44@0 | none | setup<cap	exact+render
header | prev¶[PB][CB]¶next | ed prev..44@0 | type Q at 44 end | setup<cap<edit	refused
header | prev¶[PB][CB]¶next | ed prev..44@1 | none | setup<cap	exact+render
header | prev¶[PB][CB]¶next | ed prev..44@1 | type Q at 44 end | setup<cap<edit	refused
header | prev¶[PB][CB]¶next | ed prev@0..text start | none | setup<cap	exact+render
header | prev¶[PB][CB]¶next | ed prev@0..text start | type Q at 44 end | setup<cap<edit	refused
header | prev¶[PB][CB]¶next | two ed ..text start | Backspace after 1st break | cap<setup+edit	exact+unstable
header | prev¶[PB][CB]¶next | two ed ..text start | Backspace after 1st break | edit<cap<tail	timing+unstable
header | prev¶[PB][CB]¶next | two ed ..text start | Backspace after 1st break | setup<cap<edit	timing+unstable
header | prev¶[PB][CB]¶next | two ed ..text start | none | setup<cap	timing+unstable+render
header | prev¶[PB][CB]¶next | two ed ..text start | type Q at 44 end | cap<setup+edit	exact+unstable
header | prev¶[PB][CB]¶next | two ed ..text start | type Q at 44 end | edit<cap<tail	timing+unstable
header | prev¶[PB][CB]¶next | two ed ..text start | type Q at 44 end | setup<cap<edit	refused+unstable
header | prev¶[PB][CB]¶next | two ed ending at 44@0 | none | setup<cap	exact+render
header | prev¶[PB][CB]¶next | two ed ending at 44@0 | type Q at 44 end | cap<setup+edit	exact+unstable
header | prev¶[PB][CB]¶next | two ed ending at 44@0 | type Q at 44 end | edit<cap<tail	timing+unstable
header | prev¶[PB][CB]¶next | two ed ending at 44@0 | type Q at 44 end | setup<cap<edit	refused+unstable
header | prev¶[PB][CB]¶next, A ends at 44@0 | add C + type Q | setup<cap<edit	refused
header | prev¶[PB][CB]¶next, A ends at 44@0 | remove B + add C + type Q | setup<cap<edit	refused
header | prev¶[PB][CB]¶next, A ends at 44@0 | remove B + type Q | setup<cap<edit	refused
header | prev¶[PB][CB]¶next, A ends at 44@0 | type Q | setup<cap<edit	refused
header | prev¶del[PB]Heading | ed over 1st break | accept all | cap<setup+edit	exact+unstable
header | prev¶del[PB]Heading | ed over 1st break | accept all | edit<cap<tail	timing+unstable
header | prev¶del[PB]Heading | ed over 1st break | accept all | setup<cap<edit	exact+unstable
header | prev¶ins[PB]Heading | ed over 1st break | reject all | cap<setup+edit	exact+unstable
header | prev¶ins[PB]Heading | ed over 1st break | reject all | edit<cap<tail	timing+unstable
header | prev¶ins[PB]Heading | ed over 1st break | reject all | setup<cap<edit	exact+unstable
header | src <prev¶ ER[PB]Heading (Word shape) | ed over Heading | delete 44 text | cap<setup+edit	exact+unstable
header | src <prev¶ ER[PB]Heading (Word shape) | ed over Heading | delete 44 text | edit<cap<tail	timing+unstable
header | src <prev¶ ER[PB]Heading (Word shape) | ed over Heading | delete 44 text | setup<cap<edit	exact+unstable
header | src <prev¶ ER[PB]Heading (Word shape) | ed over Heading | remove ed comments | setup<cap<edit	timing
header | src <prev¶ ER[PB]Heading (Word shape) | ed prev..44@0 | Backspace after 1st break | cap<setup+edit	exact+unstable
header | src <prev¶ ER[PB]Heading (Word shape) | ed prev..44@0 | Backspace after 1st break | edit<cap<tail	timing+unstable
header | src <prev¶ ER[PB]Heading (Word shape) | ed prev..44@0 | Backspace after 1st break | setup<cap<edit	timing+unstable
header | src <prev¶ ER[PB]Heading (Word shape) | ed prev..44@0 | remove ed comments | setup<cap<edit	timing
header | src <prev¶ E[PB]Heading (no ref) | ed over Heading | delete 44 text | cap<setup+edit	exact+unstable
header | src <prev¶ E[PB]Heading (no ref) | ed over Heading | delete 44 text | edit<cap<tail	timing+unstable
header | src <prev¶ E[PB]Heading (no ref) | ed over Heading | delete 44 text | setup<cap<edit	exact+unstable
header | src <prev¶ E[PB]Heading (no ref) | ed prev..44@0 | Backspace after 1st break | cap<setup+edit	timing+unstable
header | src <prev¶ E[PB]Heading (no ref) | ed prev..44@0 | Backspace after 1st break | edit<cap<tail	timing+unstable
header | src <prev¶ E[PB]Heading (no ref) | ed prev..44@0 | Backspace after 1st break | setup<cap<edit	timing+unstable
header | src <prev¶ E[PB]R Heading | ed over Heading | delete 44 text | cap<setup+edit	exact+unstable
header | src <prev¶ E[PB]R Heading | ed over Heading | delete 44 text | edit<cap<tail	timing+unstable
header | src <prev¶ E[PB]R Heading | ed over Heading | delete 44 text | setup<cap<edit	exact+unstable
header | src <prev¶[PB]E Heading (no ref) | ed over Heading | delete 44 text | cap<setup+edit	exact+unstable
header | src <prev¶[PB]E Heading (no ref) | ed over Heading | delete 44 text | edit<cap<tail	timing+unstable
header | src <prev¶[PB]E Heading (no ref) | ed over Heading | delete 44 text | setup<cap<edit	exact+unstable
header | src <prev¶[PB]E Heading (no ref) | ed prev..44@0 | Backspace after 1st break | cap<setup+edit	timing+unstable
header | src <prev¶[PB]E Heading (no ref) | ed prev..44@0 | Backspace after 1st break | edit<cap<tail	timing+unstable
header | src <prev¶[PB]E Heading (no ref) | ed prev..44@0 | Backspace after 1st break | setup<cap<edit	timing+unstable
header | src <prev¶[PB]E Heading (no ref) | ed prev..44@0 | delete 44 text | cap<setup+edit	exact+unstable
header | src <prev¶[PB]E Heading (no ref) | ed prev..44@0 | delete 44 text | edit<cap<tail	timing+unstable
header | src <prev¶[PB]E Heading (no ref) | ed prev..44@0 | delete 44 text | setup<cap<edit	timing+unstable
header | src <prev¶[PB]E Heading (no ref) | ed prev..44@0 | none | setup<cap	timing+unstable
header | src <prev¶[PB]E Heading (no ref) | ed prev..44@0 | type Q at 44 end | cap<setup+edit	exact+unstable
header | src <prev¶[PB]E Heading (no ref) | ed prev..44@0 | type Q at 44 end | edit<cap<tail	timing+unstable
header | src <prev¶[PB]E Heading (no ref) | ed prev..44@0 | type Q at 44 end | setup<cap<edit	timing+unstable
header | src comment over Heading, ref in next para | ed over Heading | delete 44 text | cap<setup+edit	timing+unstable
header | src comment over Heading, ref in next para | ed over Heading | delete 44 text | edit<cap<tail	timing+unstable
header | src comment over Heading, ref in next para | ed over Heading | delete 44 text | setup<cap<edit	timing+unstable
header | src comment over Heading, ref in next para | ed over Heading | type Q at 44 end | cap<setup+edit	timing
header | src comment over Heading, ref in next para | ed over Heading | type Q at 44 end | setup<cap<edit	timing
header | src comment over Heading, ref in next para | ed prev..44@0 | delete 44 text | cap<setup+edit	timing+unstable
header | src comment over Heading, ref in next para | ed prev..44@0 | delete 44 text | edit<cap<tail	timing+unstable
header | src comment over Heading, ref in next para | ed prev..44@0 | delete 44 text | setup<cap<edit	exact+unstable
header | src comment over Heading, ref in next para | ed prev..44@0 | remove ed comments | setup<cap<edit	timing
header | src comment over Heading, ref in next para | ed prev..44@0 | type Q at 44 end | cap<setup+edit	timing
header | src comment over Heading, ref in next para | none | delete 44 text | cap<edit	exact+unstable
header | src comment over Heading, ref in next para | none | delete 44 text | edit<cap<tail	timing+unstable
header | src comment over Heading, ref in next para | none | type Q at 44 end | cap<edit	timing+unstable
header | src comment over Heading, ref in next para | none | type Q at 44 end | edit<cap<tail	timing+unstable
header | src comment over Heading, ref in next para | reply to src 1 | delete 44 text | cap<setup+edit	exact+unstable
header | src comment over Heading, ref in next para | reply to src 1 | delete 44 text | edit<cap<tail	timing+unstable
header | src comment over Heading, ref in next para | reply to src 1 | delete 44 text | setup<cap<edit	exact+unstable
header | src comment over Heading, ref in next para | reply to src 1 | type Q at 44 end | cap<setup+edit	timing+unstable
header | src comment over Heading, ref in next para | reply to src 1 | type Q at 44 end | edit<cap<tail	timing+unstable
header | src comment over Heading, ref in next para | reply to src 1 | type Q at 44 end | setup<cap<edit	timing+unstable
header | src comment over [PB]Heading | ed over Heading | Backspace after 1st break | cap<setup+edit	exact+unstable
header | src comment over [PB]Heading | ed over Heading | Backspace after 1st break | edit<cap<tail	timing+unstable
header | src comment over [PB]Heading | ed over Heading | Backspace after 1st break | setup<cap<edit	timing+unstable
header | src comment over [PB]Heading | ed over Heading | delete 44 text | cap<setup+edit	exact+unstable
header | src comment over [PB]Heading | ed over Heading | delete 44 text | edit<cap<tail	timing+unstable
header | src comment over [PB]Heading | ed over Heading | delete 44 text | setup<cap<edit	exact+unstable
header | src comment over [PB]Heading | ed over Heading | none | setup<cap	timing+unstable
header | src comment over [PB]Heading | ed over Heading | type Q at 44 end | cap<setup+edit	exact+unstable
header | src comment over [PB]Heading | ed over Heading | type Q at 44 end | edit<cap<tail	timing+unstable
header | src comment over [PB]Heading | ed over Heading | type Q at 44 end | setup<cap<edit	timing+unstable
header | src comment over [PB]Heading | ed prev..44@0 | Backspace after 1st break | setup<cap<edit	timing
header | src comment over [PB]Heading | ed prev..44@0 | delete 44 text | cap<setup+edit	exact+unstable
header | src comment over [PB]Heading | ed prev..44@0 | delete 44 text | edit<cap<tail	timing+unstable
header | src comment over [PB]Heading | ed prev..44@0 | delete 44 text | setup<cap<edit	exact+unstable
